Nom,url,Alexa,Description,Ressources
Egalité & Réconciliation,egaliteetreconciliation.fr,209,"Fondé en 2007, le site de l’association présidée par Alain Soral est aujourd’hui le site d’extrême droite le plus consulté de France et aussi le premier blog politique français selon le classement E-Buzzing. Essayiste, ancien membre du Parti communiste puis du Comité central du Front national, Alain Soral est souvent considéré comme l’un des inspirateurs de Dieudonné. Aux élections européennes de 2009, il figurait aux côtés de l’humoriste sur la ""Liste antisioniste"". Quelques années plus tôt, en 2004, il avait soutenu la liste Europalestine sur laquelle se présentait déjà Dieudonné. Soral a été condamné en 2007 pour diffamation raciale et incitation à la haine raciale. Il est toujours sous le coup de plaintes pour antisémitisme. Dans le livre à quatre mains qu’il a publié en 2013 avec le chroniqueur Eric Naulleau, il se revendique « national-socialiste ». Au travers de sa société, Kontre-Kulture, Soral réédite plusieurs classiques de la littérature antisémite comme La France juive, d’Edouard Drumont (1886). Proche de la mouvance négationniste et pourfendeur de la « religion shoatique », il reprend à son compte plusieurs éléments de langage développés par Robert Faurisson et ses adeptes mettant en doute l'existence des chambres à gaz.",
Fdesouche,fdesouche.com,435,"Fdesouche fait figure de navire amiral de la ""réacosphère"". Animé par un ancien candidat frontiste, Pierre Sautarel, le site est idéologiquement proche du Front national. En matière de théories du complot, il a notamment repris et diffusé la <a href='http://www.huffingtonpost.fr/rudy-reichstadt/rumeur-du-93-municipales_b_4860009.html?utm_hp_ref=france' target='_blank' >« rumeur du 93 »</a>, en prétendant en prouver la véracité.",
Croah.fr,croah.fr,593,"Site de Joe le Corbeau, alias Noël Gérard. Proche de Dieudonné et Alain Soral, Joe Le Corbeau s'est fait connaître par une série de détournements de couvertures d'albums de Tintin ou de unes de Charlie Hebdo, avec des connotations antisémites et/ou négationnistes. Le site diffuse toutes sortes de théories du complot principalement dirigées contre les Etats-Unis et Israël.",
Agoravox,agoravox.fr,816,"Créé en mars 2005, Agoravox est un site de « journalisme participatif et citoyen ». N'ayant pas d'autre ligne éditoriale que la libre expression des internautes, le site a été <a href='http://www.streetpress.com/sujet/41152-agoravox-vie-et-mort-d-un-site-de-journalisme-citoyen-a-la-francaise' target='_blank' >« phagocyté »</a> (selon une expression utilisée par <i>Streetpress.com</i> par des contributeurs principalement conspirationnistes. Aujourd'hui, Agoravox est devenu une plateforme relayant de nombreuses thématiques complotistes et disposant d'une grande visibilité sur le web.",
AgoravoxTV,agoravox.tv,816,"Créé en mars 2005, Agoravox est un site de « journalisme participatif et citoyen ». N'ayant pas d'autre ligne éditoriale que la libre expression des internautes, le site a été <a href='http://www.streetpress.com/sujet/41152-agoravox-vie-et-mort-d-un-site-de-journalisme-citoyen-a-la-francaise'_blank' >« phagocyté »</a> (selon une expression utilisée par <i>Streetpress.com</i> par des contributeurs principalement conspirationnistes. Aujourd'hui, Agoravox est devenu une plateforme relayant de nombreuses thématiques complotistes et disposant d'une grande visibilité sur le web.",<a href='http://rue89.nouvelobs.com/2012/07/04/agoravox-vie-et-mort-dun-site-de-journalisme-citoyen-la-francaise-233599' target='_blank' >http://rue89.nouvelobs.com/2012/07/04/agoravox-vie-et-mort-dun-site-de-journalisme-citoyen-la-francaise-233599</a>
MetaTV,metatv.org,1279,"Webtélé partenaire de Croah.fr (Joe Le Corbeau) et du Réseau Voltaire (Thierry Meyssan), MetaTV est animé par un ancien responsable de l'UPR (le parti de François Asselineau) répondant au nom de Patrick d'Hondt, alias ""TEPA"". Lancé en 2013, MetaTV est une chambre d'écho, principalement via des vidéos, de tout ce que produit la galaxie Dieudonné-Soral en matière de contenus conspirationnistes.",<a href='http://rue89.nouvelobs.com/2012/07/04/agoravox-vie-et-mort-dun-site-de-journalisme-citoyen-la-francaise-233599' target='_blank' >http://rue89.nouvelobs.com/2012/07/04/agoravox-vie-et-mort-dun-site-de-journalisme-citoyen-la-francaise-233599</a>
La Voix de la Russie,french.ruvr.ru,1321,"La Voix de la Russie est un média gouvernemental russe émettant en 38 langues à l'étranger. Relayant la vision politique du Kremlin, au même titre que RIA Novosti ou Russia Today, La Voix de la Russie est partenaire du <a href=' http://droites-extremes.blog.lemonde.fr/2013/01/29/la-tele-identitaire-la-drole-dagence-de-presse-et-le-soft-power-russe/' target='_blank' > site d'extrême droite ProRussia.TV</a>. Elle diffuse les analyses de théoriciens du complot comme Thierry Meyssan ou fait la promotion de personnalités proches de la mouvance complotiste comme François Asselineau ou Aymeric Chauprade.",
Les Moutons Enragés,lesmoutonsenrages.fr,1369,"Administré par deux anonymes répondant aux pseudos de « Benji » et « Le Voltigeur », le site fonctionne pour l’essentiel comme une caisse de résonance de contenus conspirationnistes qui circulent sur le web.",
NouvelOrdreMondial.cc,nouvelordremondial.cc,1462,"Créé en 2007, ce site canadien francophone diffuse toutes sortes de contenus conspirationnistes dénonçant aussi bien le ""lobby gay"" que les ""Illuminati"", les Rothschild, la Réserve fédérale américaine, le Biderberg ou les sociétés secrètes.",
Wikistrike,wikistrike.com,1484,"Apparu en janvier 2011, Wikistrike mélange informations insolites, faux scoops farfelus, et reprises de textes provenant d’autres sites conspirationnistes.<BR>L’administrateur du site est un anonyme.",
Boulevard Voltaire,bvoltaire.fr,1601,"Boulevard Voltaire a été créé en octobre 2012 par Robert Ménard, ancien président de Reporters sans Frontières et désormais proche du Front national, et Dominique Jamet (journaliste, ancien des Comités d'action républicaine de Brunot Mégret et membre depuis 2012 de Debout la République, le parti de Nicolas Dupont-Aignan). Le site, qui se réclame de la liberté d'expression, accueillle dans ses colonnes un certain nombre d'auteurs évoluant dans la complosphère d'extrême droite comme Pierre Hillard ou Alain Soral.",
Oumma.com,oumma.com,1628,"Plateforme communautaire musulmane, Oumma.com a notamment relayé des thèses conspirationnistes sur le 11 septembre ou sur l'affaire Merah, notamment sous la plume d'Hicham Hamza, animateur du site Panamza.",
Dieudosphère,dieudosphere.com,1677,Site de Dieudonné.,
Allain Jules,allainjules.com,1824,"Blogueur actif depuis 2008, notamment sur le site Agoravox, Allain Jules est un supporter indéfectible de Dieudonné. La page d'accueil de son blog renvoie au Réseau Voltaire ou au site de l’IRIB. Allain Jules relaie de très nombreux contenus issus de sites conspirationnistes.<BR>Diplômé de l’IRIS et se présentant comme « journaliste indépendant », Allain Jules intervient sur toutes sortes de sujets d’actualité, avec une prédilection pour les questions internationales. Très engagé en faveur du régime de feu le colonel Kadhafi ou du Syrien Bachar el-Assad, il arbore en page d’accueil de son site un sticker « I love Kadhafi » et un autre « Labayka ya Bashar ».",
RIA Novosti,fr.ria.ru,2184,"RIA Novosti est une agence d'information russe, officiellement placée sous la tutelle du ministère de la presse et de l'information de la Fédération de Russie. De fait, elle représente la voix du Kremlin dans le monde. En décembre 2013, RIA Novosti a été dissoute au sein d'un nouvel organisme, Rossia Segodnia, afin de mieux encore relayer le point de vue du Kremlin. RIA Novosti, comme la Voix de la Russie, diffuse régulièrement des thèses conspirationnistes au service des intérêts géopolitiques russes ; plusieurs de ses journalistes ont d'ailleurs démissionné au cours des derniers mois, dénonçant le manque d'objectivité et de rigueur de leur média.<BR>",
RIA Novosti,fr.rian.ru,2184,"RIA Novosti est une agence d'information russe, officiellement placée sous la tutelle du ministère de la presse et de l'information de la Fédération de Russie. De fait, elle représente la voix du Kremlin dans le monde. En décembre 2013, RIA Novosti a été dissoute au sein d'un nouvel organisme, Rossia Segodnia, afin de mieux encore relayer le point de vue du Kremlin. RIA Novosti, comme la Voix de la Russie, diffuse régulièrement des thèses conspirationnistes au service des intérêts géopolitiques russes ; plusieurs de ses journalistes ont d'ailleurs démissionné au cours des derniers mois, dénonçant le manque d'objectivité et de rigueur de leur média.<BR>",
RIA Novosti,ria.ru,2184,"RIA Novosti est une agence d'information russe, officiellement placée sous la tutelle du ministère de la presse et de l'information de la Fédération de Russie. De fait, elle représente la voix du Kremlin dans le monde. En décembre 2013, RIA Novosti a été dissoute au sein d'un nouvel organisme, Rossia Segodnia, afin de mieux encore relayer le point de vue du Kremlin. RIA Novosti, comme la Voix de la Russie, diffuse régulièrement des thèses conspirationnistes au service des intérêts géopolitiques russes ; plusieurs de ses journalistes ont d'ailleurs démissionné au cours des derniers mois, dénonçant le manque d'objectivité et de rigueur de leur média.<BR>",
Agence Info Libre,agenceinfolibre.fr,2225,"Site cofondé et animé par un dénommé Jonathan Moadab, jeune « robespierriste » évoluant dans la galaxie Dieudonné-Soral et se revendiquant fréquemment de ses origines juives. Jonathan Moadab a médiatisé l'agression dont il a été victime de la part de nervis de la Ligue de Défense Juive en mars 2014.",
,lelibrepenseur.org,2422,"De son vrai nom Salim Laïbi, le Libre Penseur (ou LLP) s’est fait connaître sur Internet en produisant des vidéos commentant l’actualité ou l’histoire du monde sur un mode conspirationniste. Laïbi est convaincu que les sociétés secrètes tirent les ficelles du monde et le dirige en coulisses. Proche de la mouvance Dieudonné-Alain Soral, il a été le responsable « ésotérisme » du Mouvement des Damnés de l’Impérialisme (MDI), un groupuscule dirigé par l’agitateur antisémite Kemi Seba. Dentiste de profession, Laïbi est vice-président de la COBEMA, une association communautaire marseillaise. Il organise dans ce cadre des conférences dont il poste les vidéos sur le Net. Il est l’auteur d’un livre reprenant ses obsessions. C’est l’un des principaux protagonistes de la mouvance complotiste. Son pseudonyme a inspiré celui d’un des personnages du film <a href=' http://www.dailymotion.com/video/xalavi_machination_creation' target='_blank' >« Machination » (2009)</a>, un court-métrage satirique sur le conspirationnisme.",
Réseau International,reseauinternational.net,2429,"« Site de réflexion et de réinformation » animé par plusieurs individus anonymes, Réseau International.net a diffusé plusieurs intox. La liste des liens externes renvoie aux principaux sites de la complosphère, d'Égalité & Réconciliation au Réseau Voltaire en passant par Wikistrike ou Les Moutons Enragés.",<a href='http://www.conspiracywatch.info/Alain-Soral-sur-Boulevard-Voltaire-Rien-que-de-tres-logique_a1025.html' target='_blank' >http://www.conspiracywatch.info/Alain-Soral-sur-Boulevard-Voltaire-Rien-que-de-tres-logique_a1025.html</a>
,les-crises.fr,2559,"Site d'Olivier Berruyer, au départ consacré aux questions économiques notamment liées à la crise de 2008 et à la question de la dette. Ces derniers mois, le site s'est principalement focalisé sur la situation en Ukraine relayant sans recul la version pro-russe des événéments.<BR/> Le site relaie également Annie Lacroix-Riz, historienne qui s'est illustrée pour ses thèse controversée sur le <a href='http://www.slate.fr/tribune/63537/synarchie-mythe-complot-permanent' target='_blank'>« complot synarchique »</a>.",
Réseau Voltaire,voltairenet.org,2622,"Créée en 1994, l’association dirigée par Thierry Meyssan s’est dotée d’un site web devenu depuis plus de dix ans incontournable dans la complosphère. Engagé à l’origine contre l’extrême droite et pour la laïcité, le Réseau Voltaire, « réseau de presse non aligné », entame sa mue à la fin des années 90. En 2005, déserté par les représentants de ses principales organisations fondatrices (les Verts, le PCF, le PRG, le MRAP, etc.) qui sont remplacés par des personnalités controversées comme Claude Karnoouh ou Bruno Drweski, le Réseau Voltaire se choisit pour vice-président Issa el-Ayoubi, un hiérarque du Parti social-nationaliste syrien (PSNS), une organisation fasciste libanaise alliée au Hezbollah. Rompant avec ses combats d’origine, le « nouveau » Réseau Voltaire s’enferre dans une dénonciation conspirationniste du « projet américano-sioniste » et de « l’atlantisme », aux côtés de militants d’extrême droite, d’« anti-impérialistes » et d’admirateurs de Milosevic, Poutine, Hugo Chavez, Hassan Nasrallah, Bachar al-Assad et du régime iranien. En juillet 2005, le Département d’État américain identifie Thierry Meyssan et le Réseau Voltaire comme faisant partie des principales sources de désinformation antiaméricaine dans le monde. Auto-dissoute en 2007 en France, une association « Réseau Voltaire-France » s’est recréée en 2012. Elle est présidée par un proche de Meyssan, l’ancien militant communiste Alain Benajam.",Sa chaine Dailymotion vaut le détour : http://www.dailymotion.com/video/xzvnya_terrorisme-vous-avez-dit-terrorisme-ou-l-apprentie-terroriste-r-sistons-video-18_fun
Pierre Jovanovic,jovanovic.com,3245,"Site de Pierre Jovanovic, « écrivain et journaliste » proche de la galaxie Dieudonné-Soral dont la notoriété se fonde sur les ouvrages qu’il a consacré aux anges gardiens et aux secrets de Fatima.",
AlterInfo,alterinfo.net,4047,"Le site de Zeynel Cekici (condamné en 2009 pour négationnisme) est fondé sur un partenariat avec le site d’Al-Manar, la télévision du Hezbollah libanais. Ses thèmes de prédilection sont la dénonciation du « sionisme » et de l’« islamophobie ».",
Les Chroniques de Rorschach,leschroniquesderorschach.blogspot.com,4145,"Apparu en 2011, Les Chroniques de Rorschach est un blog résolument engagé contre le ""Nouvel Ordre Mondial"". Il relaie la plupart des contenus conspirationnistes présents sur le web.",
Les Chroniques de Rorschach,leschroniquesderorschach.blogspot.fr,4145,"Apparu en 2011, Les Chroniques de Rorschach est un blog résolument engagé contre le ""Nouvel Ordre Mondial"". Il relaie la plupart des contenus conspirationnistes présents sur le web.",
,2012un-nouveau-paradigme.com,4342,,
UPR,u-p-r.fr,4351,"L'Union populaire républicaine (UPR), parti dirigé par François Asselineau, soutient que la France et l'Europe font l'objet d'une domination complète par les États-Unis, dont la construction européenne est l'outil, et qui s'exprimerait jusque… dans les logos des différents  partis politiques.",
UPR,upr.fr,4351,"L'Union populaire républicaine, parti dirigé par François Asselineau, soutient que la France et l'Europe font l'objet d'une domination complète par les États-Unis, dont la construction européenne est l'outil, et qui s'exprimerait jusque… dans les logos des différents  partis politiques.",
Panamza,panamza.com,4653,"Site d'Hicham Hamza. Ce journaliste ""indépendant"" qui a travaillé pour le site de John-Paul Lepers, LaTéléLibre.fr, puis pour le site communautaire Oumma.com, s'est illustré par ses prises de position complotistes au sujet du 11-Septembre et de l'affaire Merah. Dans ces deux cas, Hamza suggère que l'Etat d'Israël a joué un rôle déterminant occulté par la ""version officielle"".",
,legrandsoir.info,5406,"Le site est administré par Maxime Vivas et Viktor Dedaj, deux militants anticapitalistes proches de Jean-Luc Mélenchon. <BR>Le site diffuse des contenus conspirationnistes relatifs, notamment, aux attentats du 11-Septembre ou à la situation internationale.",
Contre-info,contre-info.com,5517,"Le site, créé fin décembre 2009, se présente comme un « site d’information alternatif » : « Nous subissons, écrit l’administrateur anonyme du site, un déluge incessant de propagande, de désinformation et de manipulation de la part des media, qui ne font que servir leurs maîtres. Internet nous permet encore d’offrir une ré-information, que nous assortirons le plus souvent d’un décryptage et de commentaires critiques. Vous pouvez vous aussi y participer, en nous faisant parvenir vos informations, vidéos, précisions, dates d’événements, etc. »
Hostile au « Nouvel Ordre Mondial », Contre-info.com diffuse des contenus à tendance raciste, antisémite ou homophobe. Il assure notamment la promotion des livres de Laurent Glauzy, un auteur conspirationniste d’extrême droite.",
Contre-info,contreinfo.info,5517,"Le site, créé fin décembre 2009, se présente comme un « site d’information alternatif » : « Nous subissons, écrit l’administrateur anonyme du site, un déluge incessant de propagande, de désinformation et de manipulation de la part des media, qui ne font que servir leurs maîtres. Internet nous permet encore d’offrir une ré-information, que nous assortirons le plus souvent d’un décryptage et de commentaires critiques. Vous pouvez vous aussi y participer, en nous faisant parvenir vos informations, vidéos, précisions, dates d’événements, etc. »
Hostile au « Nouvel Ordre Mondial », Contre-info.com diffuse des contenus à tendance raciste, antisémite ou homophobe. Il assure notamment la promotion des livres de Laurent Glauzy, un auteur conspirationniste d’extrême droite.",
Mondialisation.ca,mondialisation.ca,6306,"Le site est administré par le Canadien Michel Chossudovsky, professeur émérite de sciences économiques à l’Université d’Ottawa. Il se présente comme un « Centre de recherche sur la mondialisation » et dispose d’une version anglophone dénommée GlobalResearch.ca. Toutefois, une part non négligeable de l’activité de ce centre de recherches est la diffusion  de contenus conspirationnistes d’inspiration « anti-impérialiste ».  Chossudovsky est lui-même l’auteur de nombreux textes de facture conspirationniste, sur le programme HAARP par exemple. Mondialisation.ca s’inscrit dans une veine complotiste idéologiquement très proche de celle du Réseau Voltaire de Thierry Meyssan.",
Mondialisation.ca,mondialisation.ca,6306,"Le site est administré par le Canadien Michel Chossudovsky, professeur émérite de sciences économiques à l’Université d’Ottawa. Il se présente comme un « Centre de recherche sur la mondialisation » et dispose d’une version anglophone dénommée GlobalResearch.ca. Toutefois, une part non négligeable de l’activité de ce centre de recherches est la diffusion  de contenus conspirationnistes d’inspiration « anti-impérialiste ».  Chossudovsky est lui-même l’auteur de nombreux textes de facture conspirationniste, sur le programme HAARP par exemple. Mondialisation.ca s’inscrit dans une veine complotiste idéologiquement très proche de celle du Réseau Voltaire de Thierry Meyssan.",
Acrimed,acrimed.org,6648,,
Chaos contrôlé,chaos-controle.com,6787,"Créé en mars 2013, le site se présente lui-même comme « <i>un média d'information alternative et constructive ,accent sur les actualités diverses, stratégie géopolitique,de la crise économique et sociale au nouvel ordre mondial , escalade vers la 3ième guerre mondiale </i>». Hostile à la franc-maçonnerie et au « Nouvel Ordre Mondial », Chaos controlé apparaît d’inspiration catholique traditionnaliste. Il relaie des contenus issus d’autres sites conspirationnistes. Il s’est également illustré par son soutien au député belge d’extrême droite Laurent Louis, un protagoniste de la galaxie Dieudonné.",
Sott.net,fr.sott.net,7169,"Site de l'auteure conspirationniste Laura Knight-Jadczyk. Il en existe des versions dans différentes langues. L'acronyme ""Sott"" signifie ""Signs of the Times"".","<p>Frédéric Haziza, Vol au-dessus d’un nid de fachos, Fayard, 2014.</p><p>Marie-France Etchegoin, « Antisémite, ""national-socialiste"" : comment devient-on Alain Soral ? », Le Nouvel Obs, 26 janvier 2014.</p><p>Annette Lévy-Willard, « Alain Soral, la haine des juifs et des ""tapettes"" », Libération, 2 février 2014.</p>"
Investig'Action,michelcollon.info,7190,"Appelant à la formation d’« un grand front international de résistance aux Etats-Unis », qu’il considère comme « le grand danger du moment », Michel Collon se présente comme un journaliste indépendant. <BR>Il a animé à la fin des années 1970 un « Comité Joseph Staline » et a collaboré à l’hebdomadaire Solidaire, l’organe du Parti du Travail de Belgique (PTB), une formation se réclamant du marxisme-léninisme. <BR>En 2005, dans le contexte des polémiques entourant les multiples dérapages de Dieudonné, il se fend d’un texte expliquant que l’humoriste est la victime d’« un puissant lobby sioniste au service d'Israël ». La même année, il participe à la conférence conspirationniste organisée à Bruxelles par Thierry Meyssan, Axis for Peace. <BR>Auteur de livres sur Hugo Chavez, Israël ou sur la Libye, Michel Collon est un infatigable dénonciateur de ce qu’il appelle les « médiamensonges » que diffuseraient selon lui la presse conventionnelle. <BR>Accusé de « confusionnisme » par des groupes antifascistes, Michel Collon s’en défend bien qu’il ait publié sur son site plusieurs textes signés de personnalités liées à l’extrême droite comme Gilles Munier, Thierry Meyssan, Olivier Mukuna ou Louis Denghien.",
Michel Collon,michelcollon.info,7190,"Appelant à la formation d’« un grand front international de résistance aux Etats-Unis », qu’il considère comme « le grand danger du moment », Michel Collon se présente comme un journaliste indépendant. <BR>Il a animé à la fin des années 1970 un « Comité Joseph Staline » et a collaboré à l’hebdomadaire Solidaire, l’organe du Parti du Travail de Belgique (PTB), une formation se réclamant du marxisme-léninisme. <BR>En 2005, dans le contexte des polémiques entourant les multiples dérapages de Dieudonné, il se fend d’un texte expliquant que l’humoriste est la victime d’« un puissant lobby sioniste au service d'Israël ». La même année, il participe à la conférence conspirationniste organisée à Bruxelles par Thierry Meyssan, Axis for Peace. <BR>Auteur de livres sur Hugo Chavez, Israël ou sur la Libye, Michel Collon est un infatigable dénonciateur de ce qu’il appelle les « médiamensonges » que diffuseraient selon lui la presse conventionnelle. <BR>Accusé de « confusionnisme » par des groupes antifascistes, Michel Collon s’en défend bien qu’il ait publié sur son site plusieurs textes signés de personnalités liées à l’extrême droite comme Gilles Munier, Thierry Meyssan, Olivier Mukuna ou Louis Denghien.",
,lecontrarien.com,7293,,<a href='http://www.conspiracywatch.info/Le-Hamas-et-les-medias-officiels-iraniens-accusent-Israel-d-inonder-deliberement-Gaza_a1169.html' target='_blank' >http://www.conspiracywatch.info/Le-Hamas-et-les-medias-officiels-iraniens-accusent-Israel-d-inonder-deliberement-Gaza_a1169.html</a><BR/><a href='http://www.liberation.fr/societe/2014/07/22/antisemitisme-les-reseaux-de-la-haine_1068556' target='_blank' >http://www.liberation.fr/societe/2014/07/22/antisemitisme-les-reseaux-de-la-haine_1068556</a>
Enquête & Débat,enquete-debat.fr,7781,"Basé sur la défense de la ""liberté d'expression"", le site de Jean Robin donne la parole à des conspirationnistes ou théoriciens du complot (Jean-Pierre Petit, Philippe Karsenty, Jonathan Moadab) sans participer pleinement de la complosphère. Répondant à un défi lancé par Alain Soral, l'animateur du site a tenté de démontrer que l'ancien déporté Elie Wiesel aurait menti sur son histoire personnelle.",
Fawkes-News,fawkes-news.blogspot.fr,8026,"Le nom du blog est un hommage à Guy Fawkes, instigateur de la Conspiration des poudres dont le masque est devenu l’icône des Anonymous et un symbole du mouvement des Indignés.",
Kontre Kulture,kontrekulture.com,9380,"KontreKulture est le site marchand d'Alain Soral, sur lequel sont également vendus des produits de Dieudonné ou encore Marion Sigaut.",
Résistance71,resistance71.wordpress.com,9546,,
Novopress,fr.novopress.info,9557,"Agence de « réinformation » créée et dirigée par des militants identitaires, notamment Fabrice Robert et Arnaud Naudin. Relaie notamment des contenus conspirationnistes relatifs aux attentats du 11 septembre 2001.",Sur ConspiracyWatch.info : <a href='http://www.conspiracywatch.info/Russia-Today-la-chaine-conspirationniste-du-Kremlin_a778.html' target='_blank' >comment Russia Today (la chaîne anglophone lancée par RIA Novosti) et la conférence « Axis for peace » organisée avec le gratin conspirationniste</a>.
,onnouscachetout.com,11948,Site conspirationniste peu actif depuis quelques années.,Sur ConspiracyWatch.info : <a href='http://www.conspiracywatch.info/Russia-Today-la-chaine-conspirationniste-du-Kremlin_a778.html' target='_blank' >comment Russia Today (la chaîne anglophone lancée par RIA Novosti) et la conférence « Axis for peace » organisée avec le gratin conspirationniste</a>.
The-Savoisien,the-savoisien.com,12955,Site conspirationniste et ouvertement antisémite.,
Dedefensa,dedefensa.org,13414,"Fondé par le Belge Philippe Grasset en 1999, Dedefensa.org s’est affirmé comme un site d’information alternatif sur lequel on peut trouver des thèses complotistes (sur le 11-Septembre ou les attentats du marathon de Boston) et la promotion d’auteurs conspirationnistes comme Wayne Madsen ou <a href=' http://www.conspiracywatch.info/Pourquoi-Peter-Dale-Scott-est-un-auteur-conspirationniste_a1174.html' target='_blank'>Peter Dale Scott </a>.",
Paul-Eric Blanrue,blanrue.blogspot.fr,13487,"Site de Paul-Eric Blanrue, militant d'extrême droite proche de la galaxie Dieudonné-Soral. Il est l'auteur d'un film apologétique sur le négationniste Robert Faurisson ainsi qu'un <a href=' http://www.conspiracywatch.info/Rwanda-20-ans-apres-le-film-revisionniste-dont-Pierre-Pean-est-le-heros_a1224.html' target='_blank'>film présentant une version révisionniste de l'histoire du génocide des Tutsis au Rwanda</a>.",
,nationspresse.info,15423,,
,france-palestine.org,15870,,
,nemesistv.info,16038,Plateforme de vidéos relayant essentiellement des vidéos pro-Soral et Dieudonné.,
,blueman.name,17340,,
,lecourrierderussie.com,18262,,
,blogdejocelyne.canalblog.com,18933,,
Europalestine,europalestine.com,19551,"Site internet de la CAPJPO-EuroPalestine (Coordination des Appels pour une Paix Juste au Proche-Orient), association pro-palestinienne radicale fondée et présidée par Olivia Zemor, par ailleurs animatrice de la librairie Résistances à Paris. En 2004, l’association est à l’initiative d’une liste EuroPalestine pour les élections européennes soutenue par Alain Soral et où figurent, notamment, Dieudonné et Pierre Panet (ce dernier ayant figuré sur une liste frontiste à Paris lors des élections municipales de 2014).<BR/>L’association soutiendra Dieudonné jusqu’en 2004 <BR/>Dans les années qui suivent, Olivia Zemor recevra dans sa librairie des figures de la galaxie complotiste comme Thierry Meyssan, Webster Tarpley, Gilad Atzmon ou encore Jacob Cohen.<BR/>En février 2009, le site de l’association publie, à l’instar de plusieurs autres sites conspirationnistes, un texte accusant « les sionistes » d’être derrière la profanation d’une synagogue à Caracas, au Venezuela.<BR/>En décembre 2013, Europalestine.com relaie la rumeur, présente sur plusieurs sites conspirationnistes, selon laquelle l’Etat d’Israël aurait déclenché délibérément des inondations dans la Bande de Gaza.<BR/>Olivia Zemor a été condamnée en 2012 pour incitation à la haine ou à la violence pour avoir mis en ligne une vidéo dans laquelle il était affirmé qu’acheter un produit en provenance de l’Etat d’Israël équivalait à acheter une balle qui allait tuer un enfant palestinien.",
,crashdebug.fr,20135,,
,diktacratie.com,20781,,
,diktacratie.com,20781,,
,lejournaldepersonne.com,21858,,
RealPolitik,realpolitik.tv,22092,Site fondé par Aymeric Chauprade (géopoliticien et désormais député européen du FN et conseiller diplomatique de Marine Le Pen) et animé par une équipe plus large.,
,christianophobie.fr,22763,,
Planète Révélations,planete-revelations.com,24392,,
,jp-petit.org,24586,,
Bellaciao,bellaciao.org,24596,"Site de Roberto Ferrario, soutien de Marie-George Buffet aux élections de 2007. Le site s’est récemment démarqué des autres sites conspirationnistes francophones bien qu’il continue à répandre des théories du complot notamment en matière de relations internationales. Pendant plusieurs années, son administrateur a diffusé des contenus conspirationnistes notamment sur les attentats du 11 septembre 2001.",
,newsoftomorrow.org,27419,,
,newsoftomorrow.org,27419,,<a href='http://www.memorial98.org/m/article-124073954.html' target='_blank' >http://www.memorial98.org/m/article-124073954.html</a>
Cercle des Volontaires,cercledesvolontaires.fr,28672,,<a href='http://www.memorial98.org/m/article-124073954.html' target='_blank' >http://www.memorial98.org/m/article-124073954.html</a>
,mouvida.com,28809,"Ce site, successeur de 911NWO.info, se réclame du « mouvement pour la vérité » et s'inscrit dans la mouvance soralienne et dieudonniste.",
,neotrouve.com,29159,Allie les articles sur le nouvel ordre mondial à ceux sur les OVNIS et autres phénomènes paranormaux ou ésotériques.,
Terre Sacrée,terresacree.org,31468,"Site se réclamant de l'ONG Terre sacrée et se présentant comme proches des « colibris ». Le contenu est toutefois très varié, et certaines catégories relèvent clairement des théories du complot.",
,jre2014.fr,31499,Site de la campagne « Journée de retrait de l'école » initiée par Farida Belghoul contre l'enseignement de la « théorie du genre » à l'école. On retrouve notamment le complot franc-maçon parmi les topiques mobilisées par ce site.,
,jre2014.fr,31499,Site de la campagne « Journée de retrait de l'école » initiée par Farida Belghoul contre l'enseignement de la « théorie du genre » à l'école. On retrouve notamment le complot franc-maçon parmi les topiques mobilisées par ce site.,
,brujitafr.fr,32436,,
,ism-france.org,33129,"Site d'une ONG palestinienne, qui reprend régulièrement des contenus conspirationnistes.",
911NWO,911nwo.info,34104,Remplacé par mouvida.com,
,la-dissidence.org,35269,"Site de Vincent Vauclin et de son mouvement « la Dissidence française », qui se réclame explicitement du fascisme. S'inscrit dans la mouvance d'Égalité & Réconciliation, dont il reprend certaines analyses sur « l'Empire ».",
ReOpen911,reopen911.info,35622,"Fondé par Alix Dreux Boucard, alias AtMOH, ReOpen911.info est le site de référence des conspirationnistes du 11-Septembre qui estiment que les attentats de 2001 ont été fomentés par l’Administration Bush elle-même, l’« Etat profond » ou encore le « complexe militaro-industriel » américains. Il a été créé en 2006 comme le pendant francophone de ReOpen911.org, le site d'un excentrique américain, Jimmy Walter, initiateur d'une campagne publicitaire contestant les conclusions de la « version officielle ». Le site promeut les thèses de Thierry Meyssan et d’autres théoriciens du complot comme l’Américain David Ray Griffin, le Canadien Peter Dale Scott ou le géopolitologue français Aymeric Chauprade, conseiller de Marine Le Pen.
ReOpen911 ne se contente pas de réclamer l’ouverture d’une nouvelle enquête sur les attentats de 2001. Il réinterprète toute une partie de l’histoire contemporaine dans une perspective conspirationniste, de l’attaque de Pearl Harbor aux attentats de Madrid, de Londres et de Bombay en passant par l’assassinat de JFK. Il défend également une version complotiste dans l’affaire du suicide de l’expert en armement britannique David Kelly.",
,initiativecitoyenne.be,36475,,
Sylvie Simon Révélations,sylviesimonrevelations.com,39118,,
Parti Antisioniste,partiantisioniste.com,44704,"Le Parti Antisioniste (PAS) est présidé par Yahia Gouasmi. Soupçonné d’être financé par l'Iran, cet ancien boucher hallal au passé trouble a figuré aux côtés de Dieudonné et d'Alain Soral sur la Liste antisioniste présentée aux élections européennes de 2009. Il est par ailleurs le fondateur d'une fantomatique ""Fédération chiite de France"".",
,initiative-communiste.fr,45372,,
Palestine-Solidarité,palestine-solidarite.org,46511,"Fondé par un dénommé Jean-Pierre Robert, ancien militant de l’Association France Palestine Solidarité (AFPS), le site fourmille de contenus conspirationnistes. L’antisémitisme y est patent dans plusieurs textes. <BR>Le site s’inscrit dans un horizon antisioniste radical de facture paranoïaque. On y apprend par exemple que Wikileaks est un complot sioniste, que les attentats de Bombay (2008) ont en réalité été fomentés par Israël de même que les attentats du 11-Septembre. <BR>Défenseur ardent de Dieudonné (le dossier consacré à l’affaire est intitulé « Complot dans la République ? »), Palestine Solidarité relaie les contenus du Réseau Voltaire mais aussi de l’IRIB, de la Voix de la Russie, d’Al-Manar, de l’Agence de presse officielle syrienne SANA et du Parti Antisioniste de Yahia Gouasmi. <BR>Plusieurs traductions vers le français sont assurées par un dénommé Marcel Charbonnier. On trouve en outre sur le site les signatures de Salim Lamrani, Luc Michel, René Naba, Silvia Cattori, Hicham Hamza, Bruno Guigue, Thierry Meyssan, Allain Jules ou encore Nicolas Bourgoin. Le site promeut les livres de Gilad Atzmon, Jean-François Goulon, Pascal Boniface, Emmanuel Ratier ou encore Jean Bricmont.",
,mai68.org,47900,,
Wikibusterz,wikibusterz.com,51604,"Relaie diverses thèses conspirationnistes, en particulier celles de Thierry Meyssan, qualifié d' « un des plus éminent spécialiste de la géopolitique et de l’impérialisme US », ou de Dieudonné.",
,internationalnews.fr,55712,,
Solidarité & Progrès,solidariteetprogres.org,56981,"Site du parti de Jacques Cheminade, homme politique et représentant en France de Lyndon LaRouche. Derrière une apparence de parti progressiste, le larouchisme fait de la théorie du complot une <a href='http://www.conspiracywatch.info/Lyndon-LaRouche-ou-la-theorie-du-complot-comme-cle-d-explication-du-monde_a105.html' target='_blank' >« clé d'explication du monde »</a>, avec notamment un rôle central de l'Empire britannique, qui serait responsable de l'accession d'Hitler au pouvoir, et dont les Beatles seraient des agents propagandistes. La Reine d'Angleterre elle-même serait à la tête du trafic de drogue mondial…",
Scriptoblog,scriptoblog.com,57311,,
Polemia,polemia.com,58644,,
,info-palestine.eu,58862,,
,info-palestine.net,58862,,
Syti.net,syti.net,58951,"Ce site allie une vision profondément conspirationniste organisée autour des « vrais maîtres du monde » et de leurs projets pour l'humanité, spiritualité new age et fascination pour la science fiction.",
Metapedia,fr.metapedia.org,60154,,
,lejournaldusiecle.com,60934,,
,le-veilleur.com,63239,"Existe depuis avril 2012.<BR/>Antisionisme ; antiaméricanisme ; pro-russe ; monstre du Loch Ness ; adepte de la théorie du complot sur les attentats du 11-Septembre ; contre Monsanto et les OGM…<BR/>Le nom du site est un hommage à la série TV « Dark Angel » comme l’explique le webmaster :<BR/>« <i>Certains d'entre vous ont sûrement déjà vu ou entendu parler de la série «Dark angel». Dans cette dernière, l'explosion d'une arme a totalement détruit les services de télécommunications et tous les appareils électromagnétiques. Tout le monde civilisé a reculé de 50 ans dans son développement, la rue est aux mains des plus forts et le pays sous un couvre-feu permanent. Dans cette série, on retrouve Logan Cale, un cyber-journaliste qui dénonce la corruption régnante par le biais d'un journal dont l'existence est prohibée, et qu'il anime régulièrement en tout anonymat sous le pseudonyme du «veilleur». Cette idée m'a plu, d'ou le nom que j'ai donné à ce site. Comme vous l'avez sûrement déjà compris, le but de ce journal est de vous informer de ce qu'il se passe de par le monde, plus particulièrement les évènements importants. Que ce soit des informations facilement vérifiables, ou bien passées sous silence, et donc volontairement «oubliées» par les médias existants, ou encore cachées, voire même secrètes, et donc démenties dans tout autre source qualifiée d'officielle, je m'efforce de fouiner de manière a publier des sources qui me paraissent cohérentes, et si possible nombreuses à aller dans le même sens. </i>»",<a href='http://luftmenschen.over-blog.com/article-mondialisation-ca-une-analyse-antifasciste-43341066.html' target='_blank' >http://luftmenschen.over-blog.com/article-mondialisation-ca-une-analyse-antifasciste-43341066.html</a>
Chantal Dupille,chantaldupille.over-blog.com,64045,"Il s’agit d’une série de blogs et de sites internet administrés par Chantal Dupille, qui se définit comme une « journaliste engagée, non alignée », « une humaniste pacifiste, gaullienne de gauche, croyante, citoyenne du monde universaliste (sic) et attachée à l’indépendance nationale ».<BR>Dénonciation des « merdias » et de la « Télé-Aviv », des attentats sous « faux drapeaux », etc.<BR>Contenus conspirationnistes « hard-core ». Peu de précautions langagières (contenus notoirement antisémites, loufoques, etc.).",<a href='http://luftmenschen.over-blog.com/article-mondialisation-ca-une-analyse-antifasciste-43341066.html' target='_blank' >http://luftmenschen.over-blog.com/article-mondialisation-ca-une-analyse-antifasciste-43341066.html</a>
R-sistons,r-sistons.over-blog.com,64045,"Il s’agit d’une série de blogs et de sites internet administrés par Chantal Dupille, qui se définit comme une « journaliste engagée, non alignée », « une humaniste pacifiste, gaullienne de gauche, croyante, citoyenne du monde universaliste (sic) et attachée à l’indépendance nationale ».<BR>Dénonciation des « merdias » et de la « Télé-Aviv », des attentats sous « faux drapeaux », etc.<BR>Contenus conspirationnistes « hard-core ». Peu de précautions langagières (contenus notoirement antisémites, loufoques, etc.).",
SOS-Crise,sos-crise.over-blog.com,64045,"Il s’agit d’une série de blogs et de sites internet administrés par Chantal Dupille, qui se définit comme une « journaliste engagée, non alignée », « une humaniste pacifiste, gaullienne de gauche, croyante, citoyenne du monde universaliste (sic) et attachée à l’indépendance nationale ».<BR>Dénonciation des « merdias » et de la « Télé-Aviv », des attentats sous « faux drapeaux », etc.<BR>Contenus conspirationnistes « hard-core ». Peu de précautions langagières (contenus notoirement antisémites, loufoques, etc.).",
,johanlivernette.wordpress.com,64576,,
VoxNR,voxnr.com,64659,"Se présente comme « le site des résistants au nouvel ordre mondial » et « le site de référence de toutes les composantes nationalistes-révolutionnaires, solidaristes, radicales en France ».",
Etienne Chouard,etienne.chouard.free.fr,65823,"Enseignant dans les Bouches-du-Rhône, Etienne Chouard fut l’un des protagonistes les plus actifs de la campagne du « non » au référendum de 2005 sur le traité constitutionnel européen. Dans les années qui ont suivi, Chouard est devenu un compagnon de route incontournable de la complosphère. Convaincu par l’argumentaire conspirationniste sur les attentats du 11-Septembre, il fait également la promotion de la thèse du « complot bancaire » exposée par des auteurs d’extrême droite comme Eustace Mullins ou Anthony Sutton. Cet admirateur de Thierry Meyssan, Alain Soral et Jacques Cheminade est aussi engagé en faveur de la mise en place d’une démocratie directe remplaçant le suffrage par le tirage au sort.",
Comité Valmy,comite-valmy.org,79074,"Issu du Comité pour une Europe des Peuples et Nations Souveraines, créé après le référendum sur le traité de Maastricht (1992), le Comité Valmy entend combattre « la construction en cours d’une Europe fédérale des Länder sous domination germano-américaine et au service de la mondialisation néo-libérale ». Il est principalement composé d’anciens militants communistes comme son président et principal animateur, Claude Beaulieu. Il compte aussi parmi ses membres l’ancien secrétaire général du Réseau Voltaire, Jean-Claude Ramos.<BR>En novembre 2011, Claude Beaulieu a participé à un voyage organisé en Syrie pour une dizaine de « journalistes indépendants » à l’initiative de Thierry Meyssan (Réseau Voltaire) et sous l’égide des autorités syriennes.<BR>Se plaçant sous la figure tutélaire de Jean Moulin, le site n’en relaie pas moins de nombreux contenus issus de sites conspirationnistes comme le Réseau Voltaire, ReOpen911, Mondialisation.ca, Al-Manar, etc. Il participe ainsi à la diffusion de théories du complot sur le 11-Septembre, sur Al-Qaïda ou encore sur l’affaire Merah.",
Alain Benajam,alain-benajam.com,,"Site d'Alain Benajam, président du Réseau Voltaire-France. Proche de Thierry Meyssan, Benajam diffuse toutes sortes de théories du complot sur le web et les réseaux sociaux.",
,aline.dedieguez.pagesperso-orange.fr,,,
Al-Manar,almanar.com.lb,,"Al-Manar est une chaîne de télévision créée et financée par le Hezbollah libanais interdite de diffusion en France. La version francophone de son site web diffuse des contenus violemment anti-israéliens et antiaméricains. La défense du régime de Bachar el-Assad et de Téhéran y est inconditionnelle. <BR> Al-Manar fut le premier média audiovisuel à accuser Israël d’avoir fomenté les attentats du 11 septembre 2001 et à diffuser l’intox selon laquelle 4 000 Juifs n’étaient pas venus travailler au World Trade Center ce jour-là. Al-Manar accuse également Israël d’avoir introduit le SIDA en Afrique ou encore d’organiser un système de pillage d’organes humains à grande échelle. En 2003, la chaîne a diffusé un feuilleton télévisé mettant en scène les Protocoles des Sages de Sion, célèbre faux antisémite prétendant dévoiler un complot juif mondial.<BR> Relayant sur son site de nombreux contenus issus de la complosphère antisioniste, Al-Manar a confié au théoricien du complot Thierry Meyssan la réalisation d’émissions et de documentaires. Les contenus d’Almanar.com.lb sont quant à eux très fréquemment repris sur les sites conspirationnistes francophones.",
,avicennesy.wordpress.com,,,
Bastamag,bastamag.net,,,
,bestofactus.wordpress.com,,,
Christ-Roi,christroi.over-blog.com,,,<a href='http://www.conspiracywatch.info/search/balme/' target='_blank' >http://www.conspiracywatch.info/search/balme/</a>
Clap36,clap36.net,,,<a href='http://www.conspiracywatch.info/search/balme/' target='_blank' >http://www.conspiracywatch.info/search/balme/</a>
,dortiguier.fr,,,
,editionsdemilune.com,,"Éditeur, notamment, de l'<i>Effroyable imposture</i> de Thierry Meissan.",
,france-irak-actualite.com,,"Site de <a href='http://fr.wikipedia.org/wiki/Gilles_Munier' target='_blank' >Gilles Munier</a>, secrétaire de l'association Amitiés franco-irakiennes, et qui a été mis en cause dans l'affaire « Pétrole contre nourriture ».",
IRIB,french.irib.ir,,Le site de l’Islamic Republic of Iran Broadcasting a une version française diffusant le point de vue officiel des autorités iraniennes. On y trouve de nombreuses théories du complot inspirées par l’antisionisme et l’antiaméricanisme. A noter la présence de contenus ouvertement antisémites.,
Géopolintel,geopolintel.fr,,,
Géostratégie,geostrategie.com,,,<a href='http://www.liberation.fr/societe/2014/07/22/antisemitisme-les-reseaux-de-la-haine_1068556' target='_blank' >http://www.liberation.fr/societe/2014/07/22/antisemitisme-les-reseaux-de-la-haine_1068556</a>
,guerre.libreinfo.org,,,
Horizons et Débats,horizons-et-debats.ch,,"Edité par la coopérative zurichoise Zeit-Fragen, Horizons et Débats est un journal suisse animé par Jean-Paul Vuilleumier. Diffusé depuis 2006 en libre téléchargement sur le Réseau Voltaire, le « réseau de presse non-alignée » dirigé par Thierry Meyssan, Horizons et Débats incarne une ligne anti-atlantiste mâtinée de complotisme.",
,infosyrie.fr,,"Edité par l’ancien responsable du GUD Frédéric Chatillon, Info Syrie se présente comme une « agence de ré-information », créée en mai 2011 afin de lutter contre la diffamation envers le régime de Bachar el-Assad.<BR>Le site a répandu de nombreuses fausses informations comme l’affaire des « 6000 mercenaires de la CIA » qui auraient été envoyés en Syrie pour combattre le régime d’Assad.<BR>Fin janvier 2013, le site annonçait qu’il cessait son activité en raison du manque de disponibilité de son animateur, Louis Denghien, pour des raisons personnelles. Il y paraphrasait le slogan soixante-huitard pour écrire « Nous sommes tous des bacharistes syriens ».",
,jacobdemeknes.blogspot.fr,,"Site de <a href='http://www.conspiracywatch.info/Jacob-Cohen-caution-morale-de-l-antisionisme-paranoiaque_a977.html' target='_blank'> Jacob Cohen</a>, un protagoniste de la galaxie Dieudonné-Soral.",
,lavoixdelasyrie.com,,"Site animé par Ginette Skandrani, ancienne membre fondatrice des Verts exlue en raison de ses prises de position négationnistes. La ligne éditoriale du site est la défense du régime de Bachar Al-Assad.",
,lecitoyenengage.fr,,"Lecitoyenengage.fr (« Portail de l’éveil citoyen contre le Nouvel Ordre Mondial ») a pris la suite d’un blog intitulé « Le Souffle Divin » (lesouffledivin.fr).<BR>Le site n’est plus accessible depuis fin avril 2014.<BR>Site fortement emprunt d’antisémitisme. Diffusion de la théorie du complot illuminati, du complot judéo-maçonnique ; soutien à Dieudonné, etc.<BR>Parmi les thèmes présents : la disparition de l’avion MH370 est un complot des Rothschild ; le sida n’existe pas ; Hitler était un sioniste ; on cherche à nous implanter des puces RFID ; l’UE est une dictature satanique ; contre l’islamisation de la France ; etc.<BR>Partage La Voix de la Russie, E&R, Fawkes News, Nouvelordremondial.cc, chaos-controle.com, Sott.net, etc.<BR>L’administrateur est anonyme mais il s’agirait d’un certain « Fabrice Blanc », de Saint-Etienne, qui a pris successivement les pseudo de Asse42, AntiNOM, souffledivin puis Le Citoyen Engagé. Auparavant, il fut un fervent supporter de Ségolène Royal sur les réseaux sociaux. Voici comment il se présente :<BR><i>« ""Citoyen"" parce que je suis un individu faisant partie d'un collectif appelé société. ""Engagé"" parce que engagé dans la lutte contre le nouvel ordre mondial qui promeut une mondialisation d'inspiration judéo-maçonnique basée sur le bankstering, soit la Loi de l'usure, la suprématie du matérialisme, Satan. Une idéologie qui a pris le contrôle de l'occident via l'empire anglo-américain pour mieux le détruire ensuite en le poussant à la guerre face à l'empire islamique d'orient. Gog contre Magog pour le plus grand bénéfice des talmudistes. »</i>",
,les-etats-d-anne.over-blog.com,,,Sa chaine Dailymotion vaut le détour : http://www.dailymotion.com/video/xzvnya_terrorisme-vous-avez-dit-terrorisme-ou-l-apprentie-terroriste-r-sistons-video-18_fun
,levraipost.fr,,"Ce site reprend beaucoup d'éléments de Dieudonné, Soral et Égalité & Réconciliation, de Farida Belghoul, de l'IRIB, d'Étienne Chouard. Diffuse également des contenus négationnistes (entretiens avec Faurisson, etc.).",
,liesidotorg.wordpress.com,,,
,litinerantcitoyen.wordpress.com,,Site conspirationniste et antisémite.,
,mecanopolis.org,,"Créé en août 2007 par Claude Covassi, Frédéric Courvoisier, Spencer Delane et Agata Kovacs (+ Laurent L. ?), Mecanopolis.org défendait un projet « contre-mondialiste » (avant d’être un site, c’était un blog wordpress avec des sections intitulées par exemple « lobby juif » ou des textes sur les Protocoles des Sages de Sion…).<BR>On y trouve les signatures de contributeurs d’extrême droite comme Antoine Decaen, Agata Kovacs et Faouzi Elmir.<BR> On note également la collaboration de Julien Teil, et des articles de Pierre Hillard ou de Hani Ramadan.<BR>Mecanopolis relayait à peu près toutes les interventions de Thierry Meyssan dont son fondateur, Claude Covassi, était proche (il l’était aussi de toute la mouvance : P-E Blanrue, Dieudonné, Fr. Condemi, Maria Poumier).<BR>Covassi prétendait avoir été un agent des services de renseignements helvétiques. Il a été poursuivi dans une affaire de trafic de médicaments. Il est décédé en février 2013. Dans les jours qui ont suivi, Mecanopolis a cessé toute activité. Le site est actuellement hors ligne.","<p>« 11-Septembre : Enquête sur la théorie du complot », documentaire de Stéphane Malterre, 54 minutes, TAC presse, France, 2009</p><p>.« Les effroyables imposteurs », documentaire de Ted Anspach, 45 minutes, ARTE France/Doc en stock, France, 2009.</p>"
,medialibre.eu,,,
,medias-presse.info,,,
,mounadil.wordpress.com,,,
,ndf.fr,,,
,novusordoseclorum.discutforum.com,,,
OJIM,ojim.fr,,,
,oulala.info,,"Oulala.info rassemble les archives jusqu'à la fermeture du site, en 2012. Oulala.net a succédé au précédent. Le site, animé par René Balme, avait été au centre d'une polémique en 2012 lorsque <a href='http://www.streetpress.com/sujet/35656-oulala-un-conspirationniste-chez-melenchon' target='_blank' >la presse avait souligné le caractère conspirationniste du site du candidat du Front de Gauche à l'élection législative à Grigny</a>. Le Front de gauche avait condamné le site, qui a ensuite fermé, mais René Balme a par la suite lancé oulala.info, qui en prend le relai, et a été réinvesti par le Front de gauche aux municipales de 2014. Il a toutefois perdu l'élection municipale.",
,oulala.net,,"Oulala.info rassemble les archives jusqu'à la fermeture du site, en 2012. Oulala.net a succédé au précédent. Le site, animé par René Balme, avait été au centre d'une polémique en 2012 lorsque <a href='http://www.streetpress.com/sujet/35656-oulala-un-conspirationniste-chez-melenchon' target='_blank' >la presse avait souligné le caractère conspirationniste du site du candidat du Front de Gauche à l'élection législative à Grigny</a>. Le Front de gauche avait condamné le site, qui a ensuite fermé, mais René Balme a par la suite lancé oulala.info, qui en prend le relai, et a été réinvesti par le Front de gauche aux municipales de 2014. Il a toutefois perdu l'élection municipale.",http://www.lemonde.fr/election-presidentielle-2012/article/2012/03/20/qui-est-jacques-cheminade-candidat-conspirationniste_1672484_1471069.html
,palestine-info.cc,,,Sa chaine Dailymotion vaut le détour : http://www.dailymotion.com/video/xzvnya_terrorisme-vous-avez-dit-terrorisme-ou-l-apprentie-terroriste-r-sistons-video-18_fun
,panier-de-crabes.over-blog.com,,"Blog essentiellement consacré à la promotion de François Asselineau, le chef de l'UPR ; on y trouve de nombreux liens vers toute la complosphère française.",
,piero.com,,,
Planète Non Violence,planetenonviolence.org,,,
ProRussia,prorussia.tv,,"Chaîne de « réinformation » au service de la Russie. A cessé ses activités depuis le 30 avril 2014. Reprend certains éléments conspirationnistes, notamment ceux mettant en cause les États-Unis, la CIA, etc. Reprend aussi les publications d'Emmanuel Ratier.",
Questions critiques,questionscritiques.free.fr,,,
,raimanet.wordpress.com,,,
RenovatioTV,renovatiotv.com,,,
Résistance-politique,resistance-politique.fr,,,
Robert Bibeau,robertbibeau.ca,,,
Silvia Cattori,silviacattori.net,,,<a href='http://www.conspiracywatch.info/tags/r%C3%A9seau+voltaire/'>http://www.conspiracywatch.info/tags/r%C3%A9seau+voltaire/</a>
Théorie du genre,theoriedugenre.fr,,"Site de « l'observatoire de la théorie du genre », émanation du syndicat étudiant (et universitaire) UNI, proche de la droite de l'UMP.",
Tout Sauf Sarkozy,toutsaufsarkozy.com,,"Ce site considère que l'élection de Nicolas Sarkozy, le 6 mai 2007, a signifié la « France asservie à l'Empire israélo-américain ». L'auteur du site semble subir une véritable obsession pour les juifs.",
UJFP,ujfp.org,,,
WeAreChangeParis,wearechangeparis.com,,,
